Time,R0,R1,R2,R3,V0,V1,V2,V3,Temperature,Sample Time,Cap,Motor Position,Calculated Strain
29.018515825271606,119733.1016,140.6878,227.4152,173.6177,3274.2942,429.6059,642.8476,514.4838,23.36,0.199986,64.0,5198.0,1.4364849667926588e-05
29.199979066848755,119733.1016,140.6859,227.4127,173.6173,3274.2942,429.6007,642.8421,514.483,23.36,0.199986,64.0,5223.0,2.0211036751506843e-05
29.40901017189026,119695.2969,140.6828,227.4148,173.6178,3274.2861,429.5925,642.8468,514.4843,23.37,0.199986,64.0,5276.0,3.2604953368696984e-05
29.598488092422485,119702.1641,140.6863,227.4108,173.617,3274.2876,429.6019,642.8378,514.4822,23.37,0.199986,64.0,5338.0,4.7103497335976024e-05
29.808478832244873,119756.0391,140.6826,227.4088,173.6111,3274.2991,429.5921,642.8331,514.4673,23.36,0.199986,64.0,5396.0,6.066665136988222e-05
30.002894401550293,119729.6641,140.6852,227.4117,173.6085,3274.2935,429.5988,642.8397,514.461,23.37,0.199986,64.0,5458.0,7.516519533716126e-05
30.204631328582764,119722.7969,140.6816,227.4098,173.6123,3274.292,429.5893,642.8354,514.4705,23.35,0.199986,64.0,5516.0,8.872834937106746e-05
30.392959117889404,119681.5547,140.6843,227.4134,173.6122,3274.2832,429.5964,642.8437,514.4701,23.39,0.199986,64.0,5578.0,0.0001032268933383465
30.605727434158325,119731.9609,140.6794,227.4043,173.6125,3274.2939,429.5834,642.8228,514.4708,23.38,0.199986,64.0,5636.0,0.00011679004737225268
30.795515298843384,119750.2969,140.6822,227.4045,173.6098,3274.2979,429.5909,642.8232,514.4642,23.37,0.199986,64.0,5698.0,0.00013128859133953172
31.003368377685547,119738.8359,140.6791,227.3989,173.6085,3274.2954,429.5826,642.8106,514.461,23.39,0.199986,64.0,5756.0,0.0001448517453734379
31.195260763168335,119714.7656,140.6822,227.4057,173.6056,3274.2903,429.5909,642.826,514.4536,23.37,0.199986,64.0,5818.0,0.00015935028934071696
31.414066791534424,119668.9609,140.6806,227.3998,173.6034,3274.2805,429.5866,642.8126,514.4481,23.37,0.199986,64.0,5876.0,0.00017291344337462316
31.594083070755005,119761.7656,140.6758,227.3934,173.6023,3274.3003,429.574,642.798,514.4453,23.39,0.199986,64.0,5938.0,0.0001874119873419022
31.804099559783936,119723.9375,140.6782,227.3913,173.6037,3274.2922,429.5803,642.7933,514.4489,23.35,0.199986,64.0,5996.0,0.0002009751413758084
31.99409294128418,119746.8594,140.6751,227.3918,173.6007,3274.2971,429.572,642.7945,514.4413,23.38,0.199986,64.0,6058.0,0.00021547368534308745
32.2058801651001,119704.4609,140.6766,227.396,173.5983,3274.2881,429.576,642.804,514.4354,23.37,0.199986,64.0,6116.0,0.0002290368393769936
32.39482569694519,119698.7344,140.677,227.3884,173.5999,3274.2869,429.5771,642.7866,514.4394,23.37,0.199986,64.0,6178.0,0.00024353538334427263
32.60482883453369,119684.9922,140.6739,227.3832,173.5988,3274.2839,429.5689,642.7748,514.4366,23.36,0.199987,64.0,6235.0,0.0002568646898948357
32.79481863975525,119762.9141,140.6749,227.3834,173.5983,3274.3005,429.5716,642.7752,514.4354,23.36,0.199985,64.0,6298.0,0.00027159708134545787
33.00484275817871,119684.9922,140.6711,227.3801,173.6012,3274.2839,429.5614,642.7678,514.4425,23.36,0.199986,64.0,6355.0,0.0002849263878960209
33.1951904296875,119757.1719,140.6711,227.3808,173.5971,3274.2993,429.5614,642.7693,514.4323,23.37,0.199986,64.0,6418.0,0.00029965877934664317
33.40523076057434,119777.8203,140.6672,227.3837,173.5941,3274.3037,429.5512,642.776,514.4248,23.37,0.199986,64.0,6475.0,0.0003129880858972061
33.615225315093994,119693.0078,140.668,227.3818,173.5925,3274.2856,429.5531,642.7717,514.4209,23.37,0.199986,64.0,6538.0,0.00032772047734782835
33.805224895477295,119690.7109,140.668,227.377,173.5914,3274.2852,429.5531,642.7607,514.4182,23.36,0.199986,64.0,6600.0,0.0003422190213151074
34.01523160934448,119707.8984,140.6698,227.3839,173.5917,3274.2888,429.5579,642.7764,514.4189,23.37,0.199986,64.0,6657.0,0.0003555483278656704
34.21588921546936,119759.4688,140.6677,227.3735,173.5964,3274.2998,429.5524,642.7528,514.4307,23.36,0.199989,64.0,6720.0,0.00037028071931629263
34.40589237213135,119726.2344,140.6661,227.3675,173.5919,3274.2927,429.548,642.739,514.4193,23.36,0.199983,64.0,6782.0,0.00038477926328357167
34.6061372756958,119711.3359,140.6692,227.3692,173.5903,3274.2896,429.5563,642.743,514.4154,23.36,0.199986,64.0,6835.0,0.0003971731799007618
34.806111335754395,119750.2969,140.6665,227.3711,173.5861,3274.2979,429.5492,642.7473,514.4048,23.37,0.199986,64.0,6897.0,0.0004116717238680408
35.006131649017334,119728.5156,140.6641,227.3669,173.5914,3274.2932,429.5429,642.7379,514.4182,23.39,0.199986,64.0,6955.0,0.0004252348779019471
35.20774698257446,119728.5156,140.6628,227.3694,173.5881,3274.2932,429.5394,642.7433,514.4099,23.36,0.199986,64.0,7017.0,0.0004397334218692261
35.40689539909363,119729.6641,140.6659,227.3645,173.5894,3274.2935,429.5476,642.7324,514.413,23.38,0.199986,64.0,7080.0,0.0004544658133198483
35.6106276512146,119761.7656,140.6626,227.3664,173.5905,3274.3003,429.539,642.7367,514.4158,23.36,0.199986,64.0,7137.0,0.0004677951198704113
35.80117392539978,119696.4453,140.6628,227.3602,173.5887,3274.2864,429.5394,642.7225,514.4114,23.36,0.199986,64.0,7200.0,0.0004825275113210336
36.01766777038574,119680.4062,140.6631,227.3626,173.5856,3274.283,429.5402,642.728,514.4036,23.37,0.199989,64.0,7257.0,0.0004958568178715965
36.19887924194336,119742.2734,140.6607,227.3611,173.584,3274.2961,429.5339,642.7245,514.3997,23.36,0.199983,64.0,7320.0,0.0005105892093222188
36.40823268890381,119704.4609,140.66,227.3548,173.5826,3274.2881,429.5319,642.7103,514.3961,23.36,0.199986,64.0,7377.0,0.0005239185158727818
36.60822367668152,119718.2031,140.664,227.3506,173.5807,3274.291,429.5425,642.7005,514.3914,23.36,0.199987,64.0,7440.0,0.000538650907323404
36.808228731155396,119756.0391,140.6603,227.3488,173.5827,3274.2991,429.5327,642.6965,514.3965,23.36,0.199985,64.0,7497.0,0.000551980213873967
37.00790762901306,119728.5156,140.6607,227.3521,173.5827,3274.2932,429.5339,642.704,514.3965,23.36,0.199986,64.0,7559.0,0.0005664787578412461
37.20938444137573,119684.9922,140.6609,227.3462,173.5799,3274.2839,429.5343,642.6907,514.3894,23.38,0.199986,64.0,7617.0,0.0005800419118751522
37.40898776054382,119729.6641,140.661,227.3445,173.5842,3274.2935,429.5347,642.6867,514.4,23.36,0.199986,64.0,7679.0,0.0005945404558424312
37.60897374153137,119675.8281,140.6588,227.3472,173.5802,3274.282,429.5287,642.693,514.3902,23.35,0.199986,64.0,7737.0,0.0006081036098763375
37.79889535903931,119678.1172,140.656,227.3417,173.5802,3274.2825,429.5213,642.6804,514.3902,23.37,0.199986,64.0,7799.0,0.0006226021538436165
38.00867795944214,119728.5156,140.6526,227.3435,173.5829,3274.2932,429.5122,642.6844,514.3969,23.36,0.199986,64.0,7857.0,0.0006361653078775227
38.20075607299805,119693.0078,140.6598,227.34,173.5753,3274.2856,429.5315,642.6765,514.378,23.35,0.199987,64.0,7919.0,0.0006506638518448017
38.40964436531067,119729.6641,140.6545,227.3378,173.5749,3274.2935,429.5173,642.6714,514.3768,23.37,0.199985,64.0,7977.0,0.000664227005878708
38.60957431793213,119756.0391,140.6555,227.336,173.576,3274.2991,429.5201,642.6674,514.3796,23.36,0.199986,64.0,8039.0,0.000678725549845987
38.80964207649231,119746.8594,140.6535,227.3336,173.5773,3274.2971,429.5146,642.6619,514.3828,23.36,0.199986,64.0,8097.0,0.0006922887038798932
39.00959134101868,119705.6016,140.6545,227.3327,173.5749,3274.2883,429.5173,642.66,514.3768,23.36,0.199986,64.0,8159.0,0.0007067872478471722
39.21015977859497,119726.2344,140.6552,227.3284,173.5736,3274.2927,429.5193,642.6501,514.3737,23.35,0.199987,64.0,8217.0,0.0007203504018810785
39.41015648841858,119698.7344,140.6533,227.3293,173.5738,3274.2869,429.5142,642.6521,514.3741,23.36,0.199985,64.0,8279.0,0.0007348489458483575
39.61016345024109,119735.3984,140.6523,227.327,173.5749,3274.2947,429.5114,642.647,514.3768,23.36,0.199986,64.0,8337.0,0.0007484120998822637
39.82132363319397,119750.2969,140.6542,227.3253,173.5722,3274.2979,429.5166,642.6431,514.3701,23.37,0.199986,64.0,8399.0,0.0007629106438495427
40.011354207992554,119696.4453,140.6563,227.3258,173.5719,3274.2864,429.5221,642.6442,514.3694,23.37,0.199986,64.0,8461.0,0.0007774091878168217
40.20284056663513,119733.1016,140.6523,227.3218,173.5714,3274.2942,429.5114,642.6352,514.3682,23.37,0.199986,64.0,8519.0,0.0007909723418507279
40.412036418914795,119668.9609,140.6518,227.3163,173.5695,3274.2805,429.5103,642.6226,514.3635,23.36,0.199986,64.0,8577.0,0.0008045354958846341
40.60657048225403,119668.9609,140.6518,227.3158,173.5699,3274.2805,429.5103,642.6214,514.3643,23.37,0.199986,64.0,8639.0,0.0008190340398519132
40.81928110122681,119707.8984,140.6501,227.316,173.5678,3274.2888,429.5056,642.6218,514.3591,23.37,0.199986,64.0,8696.0,0.0008323633464024762
41.00721335411072,119711.3359,140.6517,227.3141,173.5684,3274.2896,429.5099,642.6175,514.3607,23.36,0.199986,64.0,8764.0,0.0008482649752698144
41.20882868766785,119714.7656,140.6501,227.3139,173.5662,3274.2903,429.5056,642.6171,514.3552,23.36,0.199986,64.0,8816.0,0.0008604250444036614
41.39765405654907,119651.7891,140.6495,227.3106,173.564,3274.2769,429.504,642.6096,514.3497,23.36,0.199986,64.0,8879.0,0.0008751574358542837
41.60764408111572,119680.4062,140.6484,227.3084,173.5692,3274.283,429.5012,642.6045,514.3627,23.36,0.199989,64.0,8936.0,0.0008884867424048467
41.797654151916504,119684.9922,140.648,227.3104,173.5651,3274.2839,429.5,642.6092,514.3524,23.38,0.199983,64.0,8999.0,0.0009032191338554688
42.00766563415527,119699.8828,140.6483,227.3071,173.568,3274.2871,429.5008,642.6017,514.3595,23.36,0.199986,64.0,9056.0,0.0009165484404060318
42.19942259788513,119746.8594,140.6484,227.3044,173.5661,3274.2971,429.5012,642.5955,514.3548,23.37,0.199986,64.0,9118.0,0.000931046984373311
42.40827679634094,119698.7344,140.6428,227.299,173.5651,3274.2869,429.4863,642.5833,514.3524,23.36,0.199986,64.0,9176.0,0.0009446101384072171
42.59828162193298,119744.5625,140.6453,227.3023,173.5611,3274.2966,429.493,642.5908,514.3422,23.36,0.199986,64.0,9238.0,0.0009591086823744963
42.80827522277832,119702.1641,140.6458,227.2989,173.568,3274.2876,429.4941,642.5829,514.3595,23.38,0.199986,64.0,9296.0,0.0009726718364084024
42.99914598464966,119720.5,140.6465,227.299,173.5632,3274.2915,429.4961,642.5833,514.3477,23.38,0.199987,64.0,9358.0,0.0009871703803756814
43.215193033218384,119693.0078,140.6444,227.2978,173.565,3274.2856,429.4906,642.5805,514.3521,23.38,0.199985,64.0,9416.0,0.0010007335344095875
43.405423641204834,119726.2344,140.6425,227.292,173.5604,3274.2927,429.4855,642.5671,514.3406,23.39,0.199986,64.0,9478.0,0.0010152320783768667
43.61758852005005,119704.4609,140.6378,227.2907,173.5615,3274.2881,429.4729,642.5644,514.3434,23.38,0.199986,64.0,9536.0,0.0010287952324107728
43.79760551452637,119728.5156,140.6435,227.2866,173.5609,3274.2932,429.4882,642.5549,514.3418,23.37,0.199986,64.0,9603.0,0.001044463013794768
44.0076105594635,119659.7969,140.6407,227.2842,173.5603,3274.2786,429.4808,642.5494,514.3403,23.36,0.199986,64.0,9656.0,0.001056856930411958
44.199018478393555,119684.9922,140.6394,227.2833,173.5584,3274.2839,429.4772,642.5475,514.3355,23.36,0.199986,64.0,9718.0,0.001071355474379237
44.408170223236084,119718.2031,140.641,227.2828,173.5607,3274.291,429.4815,642.5463,514.3414,23.36,0.199986,64.0,9776.0,0.0010849186284131434
44.59817099571228,119744.5625,140.6394,227.2809,173.5574,3274.2966,429.4772,642.5419,514.3332,23.36,0.199986,64.0,9838.0,0.0010994171723804225
44.80816388130188,119704.4609,140.6381,227.2802,173.5591,3274.2881,429.4737,642.5404,514.3375,23.37,0.199986,64.0,9896.0,0.0011129803264143287
44.99818444252014,119690.7109,140.6366,227.2776,173.5607,3274.2852,429.4698,642.5345,514.3414,23.35,0.199986,64.0,9958.0,0.0011274788703816076
45.20958209037781,119695.2969,140.6372,227.2745,173.5595,3274.2861,429.4713,642.5274,514.3383,23.36,0.199986,64.0,10016.0,0.001141042024415514
45.398876667022705,119737.6953,140.6367,227.275,173.5554,3274.2952,429.4701,642.5286,514.3281,23.37,0.199986,64.0,10078.0,0.001155540568382793
45.61165380477905,119741.1328,140.6332,227.2748,173.5526,3274.2959,429.4607,642.5282,514.321,23.36,0.199986,64.0,10135.0,0.0011688698749333557
45.809978008270264,119733.1016,140.6348,227.2719,173.5566,3274.2942,429.465,642.5215,514.3312,23.38,0.199986,64.0,10137.0,0.0011693375699000422
46.00999712944031,119720.5,140.6335,227.2674,173.5558,3274.2915,429.4615,642.5113,514.3292,23.37,0.199986,64.0,10137.0,0.0011693375699000422
46.201568365097046,119695.2969,140.6315,227.2704,173.5537,3274.2861,429.4564,642.5179,514.3237,23.37,0.199986,64.0,10117.0,0.001164660620233178
46.4007306098938,119722.7969,140.6318,227.2702,173.5519,3274.292,429.4572,642.5176,514.3194,23.36,0.199986,64.0,10060.0,0.001151331313682615
46.60073375701904,119662.0859,140.6301,227.2672,173.55,3274.2791,429.4524,642.5109,514.3147,23.36,0.199986,64.0,10002.0,0.001137768159648709
46.80072569847107,119687.2734,140.6314,227.2633,173.5478,3274.2844,429.456,642.5018,514.3091,23.36,0.199986,64.0,9940.0,0.0011232696156814298
47.010427713394165,119738.8359,140.6252,227.2621,173.5472,3274.2954,429.4395,642.4991,514.3076,23.36,0.199986,64.0,9877.0,0.0011085372242308077
47.20182943344116,119674.6797,140.6267,227.2603,173.5442,3274.2817,429.4434,642.4951,514.3001,23.37,0.199986,64.0,9815.0,0.0010940386802635285
47.40118145942688,119709.0469,140.6261,227.2572,173.5441,3274.2891,429.4418,642.488,514.2997,23.36,0.199986,64.0,9757.0,0.0010804755262296224
47.601171016693115,119693.0078,140.6228,227.2581,173.539,3274.2856,429.4332,642.4901,514.2871,23.36,0.199986,64.0,9700.0,0.0010671462196790594
47.80118131637573,119731.9609,140.6235,227.2531,173.5406,3274.2939,429.4351,642.4786,514.2911,23.36,0.199986,64.0,9637.0,0.0010524138282284373
48.01086974143982,119717.0625,140.625,227.2548,173.5393,3274.2908,429.4391,642.4825,514.2879,23.36,0.199986,64.0,9580.0,0.001039084521677874
48.19273114204407,119770.9375,140.6219,227.2546,173.5368,3274.3022,429.4308,642.4822,514.2816,23.37,0.199986,64.0,9517.0,0.0010243521302272518
48.40140676498413,119713.6328,140.6225,227.2529,173.5269,3274.29,429.4324,642.4782,514.2568,23.36,0.199986,64.0,9460.0,0.001011022823676689
48.60141849517822,119726.2344,140.6178,227.2496,173.5329,3274.2927,429.4198,642.4708,514.2718,23.38,0.199986,64.0,9397.0,0.0009962904322260665
48.801406383514404,119690.7109,140.6147,227.2451,173.5294,3274.2852,429.4115,642.4605,514.2631,23.36,0.199986,64.0,9340.0,0.0009829611256755037
49.011394023895264,119678.1172,140.6173,227.245,173.528,3274.2825,429.4186,642.4601,514.2596,23.37,0.199986,64.0,9277.0,0.0009682287342248815
49.20279002189636,119672.3984,140.6116,227.2463,173.5269,3274.2812,429.4033,642.4633,514.2568,23.36,0.199989,64.0,9215.0,0.0009537301902576024
49.42177057266235,119728.5156,140.6096,227.2491,173.5282,3274.2932,429.3981,642.4695,514.26,23.37,0.199984,64.0,9158.0,0.0009404008837070394
49.601799726486206,119717.0625,140.6113,227.2372,173.522,3274.2908,429.4025,642.4424,514.2446,23.37,0.199985,64.0,9095.0,0.0009256684922564171
49.81178116798401,119702.1641,140.6123,227.2436,173.5188,3274.2876,429.4052,642.457,514.2364,23.36,0.199986,64.0,9038.0,0.000912339185705854
50.001811504364014,119737.6953,140.6101,227.2384,173.5184,3274.2952,429.3993,642.4452,514.2356,23.36,0.199986,64.0,8975.0,0.0008976067942552318
50.21356534957886,119714.7656,140.6044,227.2396,173.5177,3274.2903,429.3844,642.4479,514.2336,23.36,0.199986,64.0,8918.0,0.0008842774877046688
50.41215395927429,119714.7656,140.608,227.2365,173.5173,3274.2903,429.3938,642.4409,514.2328,23.37,0.199986,64.0,8855.0,0.0008695450962540465
50.61274719238281,119707.8984,140.6059,227.2325,173.5135,3274.2888,429.3883,642.4318,514.2234,23.37,0.199987,64.0,8798.0,0.0008562157897034836
50.813289642333984,119698.7344,140.6064,227.2327,173.5134,3274.2869,429.3895,642.4322,514.223,23.37,0.199985,64.0,8735.0,0.0008414833982528613
51.023293256759644,119741.1328,140.6013,227.228,173.5093,3274.2959,429.3761,642.4216,514.2128,23.37,0.199986,64.0,8678.0,0.0008281540917022984
51.20514917373657,119735.3984,140.6006,227.2368,173.5117,3274.2947,429.3741,642.4417,514.2187,23.37,0.199986,64.0,8611.0,0.0008124863103183032
51.41425657272339,119729.6641,140.6027,227.2306,173.5093,3274.2935,429.3797,642.4275,514.2128,23.37,0.199986,64.0,8558.0,0.0008000923937011131
51.60427522659302,119759.4688,140.6007,227.227,173.503,3274.2998,429.3745,642.4192,514.1971,23.36,0.199989,64.0,8496.0,0.0007855938497338341
51.81425952911377,119731.9609,140.5985,227.2249,173.5025,3274.2939,429.3687,642.4145,514.1959,23.35,0.199983,64.0,8438.0,0.0007720306956999279
52.00429129600525,119681.5547,140.5967,227.2213,173.5021,3274.2832,429.3639,642.4062,514.1947,23.37,0.199988,64.0,8376.0,0.0007575321517326489
52.21473670005798,119722.7969,140.5919,227.2215,173.4985,3274.292,429.351,642.4066,514.1857,23.37,0.199984,64.0,8318.0,0.0007439689976987426
52.404738426208496,119709.0469,140.5941,227.219,173.4991,3274.2891,429.3568,642.4011,514.1872,23.38,0.199986,64.0,8256.0,0.0007294704537314636
52.614718437194824,119717.0625,140.5969,227.223,173.4945,3274.2908,429.3643,642.4102,514.1758,23.37,0.199986,64.0,8198.0,0.0007159072996975574
52.80473971366882,119709.0469,140.5911,227.2208,173.49,3274.2891,429.349,642.405,514.1644,23.38,0.199986,64.0,8136.0,0.0007014087557302783
53.01471519470215,119744.5625,140.5913,227.2171,173.4961,3274.2966,429.3494,642.3968,514.1797,23.38,0.199986,64.0,8078.0,0.0006878456016963722
53.20610857009888,119704.4609,140.5917,227.2145,173.4904,3274.2881,429.3506,642.3909,514.1656,23.35,0.199986,64.0,8016.0,0.0006733470577290931
53.41520094871521,119808.7969,140.592,227.2116,173.4883,3274.3103,429.3513,642.3842,514.1601,23.36,0.199986,64.0,7958.0,0.000659783903695187
53.60522818565369,119693.0078,140.5858,227.2102,173.49,3274.2856,429.3348,642.381,514.1644,23.39,0.199987,64.0,7896.0,0.0006452853597279079
53.80522131919861,119723.9375,140.5877,227.2106,173.4865,3274.2922,429.3399,642.3818,514.1558,23.36,0.199985,64.0,7838.0,0.0006317222056940018
54.00522017478943,119717.0625,140.5868,227.2067,173.4876,3274.2908,429.3376,642.3732,514.1585,23.37,0.199986,64.0,7776.0,0.0006172236617267228
54.20680046081543,119687.2734,140.5843,227.2043,173.4829,3274.2844,429.3309,642.3677,514.1467,23.37,0.199986,64.0,7718.0,0.0006036605076928165
54.395965814590454,119726.2344,140.5818,227.2007,173.4815,3274.2927,429.3242,642.3594,514.1432,23.37,0.199986,64.0,7656.0,0.0005891619637255375
54.60595202445984,119761.7656,140.5821,227.2071,173.479,3274.3003,429.325,642.374,514.1368,23.37,0.199986,64.0,7603.0,0.0005767680471083474
54.79595184326172,119711.3359,140.5794,227.1995,173.4749,3274.2896,429.3179,642.3567,514.1266,23.36,0.199986,64.0,7536.0,0.0005611002657243522
55.00595045089722,119738.8359,140.5775,227.2014,173.4746,3274.2954,429.3128,642.361,514.1259,23.38,0.199986,64.0,7484.0,0.0005489401965905053
55.197375774383545,119737.6953,140.5791,227.2009,173.4749,3274.2952,429.3171,642.3598,514.1266,23.36,0.199986,64.0,7416.0,0.000533038567723167
55.40642690658569,119728.5156,140.5785,227.1952,173.4709,3274.2932,429.3155,642.3468,514.1168,23.37,0.199987,64.0,7358.0,0.0005194754136892608
55.59655976295471,119756.0391,140.5735,227.1971,173.4694,3274.2991,429.3022,642.3511,514.1129,23.37,0.199985,64.0,7296.0,0.0005049768697219818
55.81710886955261,119748.0078,140.5771,227.1931,173.4706,3274.2974,429.3116,642.3421,514.116,23.38,0.199987,64.0,7244.0,0.0004928168005881347
55.997314453125,119770.9375,140.5732,227.1974,173.4689,3274.3022,429.3014,642.3519,514.1117,23.36,0.199985,64.0,7176.0,0.0004769151717207965
56.20765566825867,119746.8594,140.5707,227.1928,173.4665,3274.2971,429.2947,642.3413,514.1058,23.38,0.199986,64.0,7119.0,0.00046358586517023355
56.397528886795044,119759.4688,140.5686,227.1888,173.4618,3274.2998,429.2892,642.3323,514.094,23.36,0.199989,64.0,7056.0,0.00044885347371961126
56.60753345489502,119757.1719,140.5661,227.1876,173.4582,3274.2993,429.2825,642.3295,514.085,23.36,0.199983,64.0,6999.0,0.0004355241671690483
56.79754376411438,119817.9766,140.5695,227.186,173.4609,3274.3123,429.2915,642.326,514.0916,23.38,0.199986,64.0,6937.0,0.00042102562320176927
57.0172381401062,119698.7344,140.5652,227.1888,173.4581,3274.2869,429.2801,642.3323,514.0845,23.35,0.199986,64.0,6879.0,0.00040746246916786307
57.19893407821655,119737.6953,140.564,227.179,173.4568,3274.2952,429.277,642.3099,514.0814,23.38,0.199986,64.0,6817.0,0.00039296392520058403
57.417975664138794,119750.2969,140.564,227.1891,173.4574,3274.2979,429.277,642.3331,514.0829,23.37,0.199986,64.0,6759.0,0.00037940077116667783
57.5980429649353,119748.0078,140.5612,227.1827,173.4527,3274.2974,429.2695,642.3185,514.0712,23.36,0.199986,64.0,6697.0,0.0003649022271993988
57.81794333457947,119714.7656,140.5615,227.181,173.453,3274.2903,429.2703,642.3146,514.072,23.35,0.199986,64.0,6639.0,0.0003513390731654926
58.00770282745361,119720.5,140.5581,227.1772,173.4499,3274.2915,429.2613,642.3059,514.0641,23.36,0.199986,64.0,6572.0,0.0003356712917814975
58.2093460559845,119762.9141,140.5571,227.1752,173.4483,3274.3005,429.2585,642.3012,514.0602,23.37,0.199986,64.0,6519.0,0.0003232773751643074
58.39870762825012,119720.5,140.5569,227.1717,173.4502,3274.2915,429.2581,642.2933,514.0649,23.38,0.199987,64.0,6457.0,0.00030877883119702836
58.60870718955994,119737.6953,140.5545,227.1734,173.4423,3274.2952,429.2518,642.2972,514.0452,23.37,0.199986,64.0,6399.0,0.0002952156771631221
58.80868124961853,119714.7656,140.5551,227.1736,173.442,3274.2903,429.2534,642.2977,514.0444,23.37,0.199985,64.0,6337.0,0.00028071713319584307
59.008713483810425,119737.6953,140.5504,227.1715,173.4434,3274.2952,429.2408,642.2929,514.048,23.37,0.199986,64.0,6279.0,0.0002671539791619369
59.2005090713501,119709.0469,140.5548,227.1691,173.4392,3274.2891,429.2526,642.2874,514.0374,23.38,0.199986,64.0,6217.0,0.0002526554351946579
59.408873081207275,119748.0078,140.5495,227.1689,173.4339,3274.2974,429.2384,642.287,514.024,23.37,0.199986,64.0,6159.0,0.00023909228116075166
59.6088547706604,119765.2031,140.5513,227.1679,173.4337,3274.301,429.2432,642.2847,514.0236,23.37,0.199986,64.0,6097.0,0.00022459373719347262
59.80886936187744,119792.7344,140.5501,227.165,173.4315,3274.3069,429.24,642.278,514.0181,23.37,0.199986,64.0,6039.0,0.00021103058315956644
59.99888038635254,119770.9375,140.5464,227.1651,173.4343,3274.3022,429.2302,642.2784,514.0251,23.38,0.199986,64.0,5977.0,0.0001965320391922874
60.21068239212036,119792.7344,140.5476,227.1631,173.4341,3274.3069,429.2333,642.2737,514.0247,23.36,0.199986,64.0,5919.0,0.0001829688851583812
60.399494886398315,119770.9375,140.5442,227.1682,173.4304,3274.3022,429.2243,642.2855,514.0153,23.38,0.199986,64.0,5857.0,0.00016847034119110216
60.61013388633728,119744.5625,140.5397,227.1593,173.4335,3274.2966,429.2125,642.265,514.0232,23.36,0.199986,64.0,5800.0,0.0001551410346405392
60.81058859825134,119753.7422,140.5396,227.1624,173.4254,3274.2986,429.2121,642.2721,514.0027,23.37,0.199986,64.0,5737.0,0.00014040864318991692
61.01059341430664,119784.6953,140.5412,227.1598,173.4305,3274.3052,429.2164,642.2662,514.0157,23.37,0.199986,64.0,5675.0,0.0001259100992226379
61.201019525527954,119729.6641,140.5408,227.1556,173.4233,3274.2935,429.2152,642.2567,513.9976,23.35,0.199986,64.0,5617.0,0.00011234694518873168
61.401018381118774,119748.0078,140.5402,227.1574,173.422,3274.2974,429.2137,642.2607,513.9944,23.37,0.199986,64.0,5560.0,9.90176386381687e-05
61.60101246833801,119737.6953,140.5392,227.1572,173.4231,3274.2952,429.2109,642.2603,513.9972,23.35,0.199986,64.0,5502.0,8.545448460426252e-05
61.8110077381134,119742.2734,140.5349,227.1586,173.4228,3274.2961,429.1995,642.2634,513.9964,23.37,0.199986,64.0,5440.0,7.095594063698348e-05
62.00102138519287,119761.7656,140.5357,227.1516,173.4194,3274.3003,429.2018,642.2477,513.9878,23.38,0.199986,64.0,5377.0,5.622354918636123e-05
62.202378034591675,119759.4688,140.5323,227.1534,173.4166,3274.2998,429.1928,642.2516,513.9807,23.36,0.199989,64.0,5320.0,4.289424263579824e-05
62.40105676651001,119731.9609,140.5331,227.1503,173.4167,3274.2939,429.1948,642.2446,513.9811,23.37,0.199983,16.0,5257.0,2.8161851185175993e-05
62.605966091156006,119742.2734,140.5313,227.1473,173.4106,3274.2961,429.19,642.2379,513.9658,23.36,0.199986,15.0,5200.0,1.4832544634613006e-05
62.796011447906494,119714.7656,140.532,227.1485,173.4121,3274.2903,429.192,642.2406,513.9697,23.38,0.199986,15.0,5139.0,5.678481506771792e-07
63.0159866809845,119770.9375,140.5329,227.1494,173.411,3274.3022,429.1944,642.2426,513.9669,23.36,0.199986,15.0,5137.0,1.0015318399075865e-07
63.197840213775635,119796.1797,140.5263,227.1441,173.4132,3274.3076,429.1767,642.2304,513.9724,23.36,0.199986,15.0,5158.0,5.010950334198175e-06
63.406843423843384,119789.2891,140.5311,227.1484,173.4128,3274.3062,429.1896,642.2402,513.9713,23.37,0.199986,64.0,5215.0,1.834025688476116e-05
63.616933822631836,119781.2656,140.5289,227.143,173.4063,3274.3044,429.1837,642.228,513.9551,23.37,0.199986,64.0,5278.0,3.3072648335383404e-05
63.8167564868927,119742.2734,140.5282,227.1399,173.4082,3274.2961,429.1818,642.2209,513.9598,23.36,0.199986,64.0,5340.0,4.7571192302662444e-05
64.01678013801575,119792.7344,140.5291,227.1389,173.411,3274.3069,429.1841,642.2186,513.9669,23.37,0.199986,64.0,5402.0,6.206973626994149e-05
64.20837354660034,119765.2031,140.5254,227.1382,173.4054,3274.301,429.1743,642.217,513.9528,23.36,0.199986,64.0,5460.0,7.563289030384768e-05
64.41675281524658,119796.1797,140.5255,227.1351,173.4068,3274.3076,429.1747,642.2099,513.9563,23.38,0.199986,64.0,5518.0,8.919604433775388e-05
64.60693454742432,119775.5234,140.5271,227.1401,173.4055,3274.3032,429.179,642.2213,513.9531,23.38,0.199987,64.0,5580.0,0.00010369458830503292
64.81696271896362,119780.1172,140.524,227.1337,173.4043,3274.3042,429.1708,642.2068,513.95,23.37,0.199985,64.0,5638.0,0.0001172577423389391
65.00721287727356,119698.7344,140.5224,227.1287,173.4041,3274.2869,429.1664,642.1954,513.9496,23.32,0.199986,64.0,5700.0,0.00013175628630621814
65.20884561538696,119726.2344,140.5199,227.1326,173.4015,3274.2927,429.1598,642.2044,513.9429,23.37,0.199986,64.0,5757.0,0.00014508559285678112
65.40766048431396,119737.6953,140.5215,227.1316,173.4029,3274.2952,429.1641,642.2021,513.9465,23.38,0.199986,64.0,5820.0,0.00015981798430740338
65.61074662208557,119789.2891,140.5201,227.128,173.3988,3274.3062,429.1602,642.1938,513.9362,23.37,0.199986,64.0,5877.0,0.00017314729085796636
65.8041079044342,119816.8281,140.5171,227.1307,173.4,3274.312,429.1523,642.2001,513.9394,23.37,0.199986,64.0,5939.0,0.0001876458348252454
66.01409339904785,119783.5625,140.5172,227.1254,173.3959,3274.3049,429.1527,642.1879,513.9291,23.37,0.199986,64.0,5997.0,0.0002012089888591516
66.20457315444946,119808.7969,140.5178,227.1252,173.397,3274.3103,429.1542,642.1875,513.9319,23.37,0.199987,64.0,6060.0,0.00021594138030977384
66.41477608680725,119722.7969,140.518,227.1209,173.3986,3274.292,429.1546,642.1777,513.9359,23.37,0.199985,64.0,6117.0,0.00022927068686033684
66.6047875881195,119792.7344,140.5209,227.1178,173.3967,3274.3069,429.1625,642.1706,513.9311,23.38,0.199986,64.0,6180.0,0.00024400307831095908
66.81479978561401,119777.8203,140.514,227.118,173.4022,3274.3037,429.144,642.171,513.9449,23.36,0.199986,64.0,6237.0,0.00025733238486152203
67.01448035240173,119738.8359,140.5138,227.1147,173.3927,3274.2954,429.1436,642.1635,513.9209,23.37,0.199986,64.0,6299.0,0.00027183092882880107
67.21506857872009,119784.6953,140.5132,227.1164,173.3912,3274.3052,429.1421,642.1674,513.9174,23.36,0.199986,64.0,6357.0,0.0002853940828627073
67.40512418746948,119807.6484,140.5112,227.1112,173.3963,3274.3101,429.1365,642.1556,513.9299,23.38,0.199986,64.0,6419.0,0.00029989262682998636
67.60511088371277,119817.9766,140.5144,227.1093,173.3912,3274.3123,429.1452,642.1513,513.9174,23.35,0.199986,64.0,6477.0,0.0003134557808638925
67.8051233291626,119789.2891,140.5104,227.1133,173.3923,3274.3062,429.1346,642.1603,513.9201,23.36,0.199986,64.0,6535.0,0.0003270189348977987
68.01498675346375,119757.1719,140.5119,227.108,173.39,3274.2993,429.1385,642.1482,513.9142,23.37,0.199986,64.0,6597.0,0.00034151747886507775
68.21556544303894,119837.4922,140.5095,227.1035,173.3871,3274.3164,429.1322,642.1379,513.9071,23.38,0.199986,64.0,6659.0,0.0003560160228323568
68.40449595451355,119792.7344,140.51,227.1035,173.3919,3274.3069,429.1334,642.1379,513.9189,23.36,0.199986,64.0,6722.0,0.000370748414282979
68.60473704338074,119748.0078,140.5088,227.1017,173.3953,3274.2974,429.1302,642.134,513.9276,23.38,0.199986,64.0,6774.0,0.000382908483416826
68.80439949035645,119817.9766,140.5082,227.1002,173.3906,3274.3123,429.1287,642.1305,513.9158,23.36,0.199986,64.0,6837.0,0.00039764087486744823
69.00472855567932,119744.5625,140.5088,227.1019,173.3919,3274.2966,429.1302,642.1344,513.9189,23.38,0.199986,64.0,6894.0,0.00041097018141801123
69.2050473690033,119751.4453,140.5038,227.0936,173.3853,3274.2981,429.1169,642.1155,513.9024,23.37,0.199986,64.0,6957.0,0.00042570257286863347
69.40519428253174,119748.0078,140.5083,227.0958,173.386,3274.2974,429.1291,642.1206,513.9044,23.37,0.199986,64.0,7014.0,0.0004390318794191965
69.60515308380127,119813.3828,140.5042,227.0958,173.3857,3274.3113,429.118,642.1206,513.9036,23.37,0.199986,64.0,7077.0,0.0004537642708698187
69.80516266822815,119765.2031,140.5042,227.085,173.3885,3274.301,429.118,642.0958,513.9106,23.37,0.199986,64.0,7139.0,0.0004682628148370978
70.00517296791077,119805.3516,140.5055,227.0874,173.389,3274.3096,429.1216,642.1014,513.9119,23.38,0.199986,64.0,7197.0,0.00048182596887100395
70.2066957950592,119735.3984,140.5048,227.0819,173.3856,3274.2947,429.1196,642.0887,513.9032,23.37,0.199986,64.0,7259.0,0.0004963245128382829
70.41501450538635,119744.5625,140.5023,227.0846,173.3834,3274.2966,429.1129,642.095,513.8977,23.35,0.199986,64.0,7317.0,0.0005098876668721892
70.60779881477356,119799.6094,140.4981,227.0848,173.3851,3274.3083,429.1019,642.0955,513.902,23.36,0.199987,64.0,7379.0,0.0005243862108394682
70.80873823165894,119781.2656,140.5029,227.0765,173.3831,3274.3044,429.1145,642.0766,513.8969,23.38,0.199985,64.0,7436.0,0.0005377155173900312
71.00448250770569,119820.2734,140.4996,227.08,173.3859,3274.3127,429.1059,642.0844,513.904,23.36,0.199986,64.0,7499.0,0.0005524479088406534
71.20637655258179,119798.4609,140.5049,227.0789,173.3812,3274.3081,429.12,642.0821,513.8922,23.38,0.199986,64.0,7556.0,0.0005657772153912164
71.39551568031311,119795.0312,140.5005,227.0782,173.3823,3274.3074,429.1082,642.0805,513.895,23.37,0.199989,64.0,7619.0,0.0005805096068418387
71.60553789138794,119735.3984,140.4971,227.0736,173.3829,3274.2947,429.0992,642.0699,513.8965,23.35,0.199983,64.0,7672.0,0.0005929035234590288
71.79552888870239,119766.3516,140.4987,227.0677,173.3815,3274.3013,429.1035,642.0565,513.8929,23.37,0.199986,64.0,7739.0,0.0006085713048430239
72.01609063148499,119746.8594,140.4983,227.0713,173.382,3274.2971,429.1023,642.0648,513.8942,23.38,0.199986,64.0,7796.0,0.0006219006113935869
72.19754362106323,119786.9922,140.4969,227.0736,173.3801,3274.3057,429.0988,642.0699,513.8894,23.38,0.199986,64.0,7859.0,0.0006366330028442091
72.40636134147644,119855.8594,140.494,227.0677,173.381,3274.3203,429.0909,642.0565,513.8918,23.37,0.199986,64.0,7916.0,0.0006499623093947722
72.6063780784607,119784.6953,140.494,227.0653,173.3738,3274.3052,429.0909,642.051,513.8737,23.38,0.199986,64.0,7978.0,0.0006644608533620512
72.80636239051819,119801.9062,140.4926,227.0653,173.3769,3274.3088,429.0874,642.051,513.8815,23.37,0.199989,64.0,8036.0,0.0006780240073959574
72.99638342857361,119789.2891,140.4975,227.0639,173.3765,3274.3062,429.1003,642.0479,513.8804,23.38,0.199983,64.0,8098.0,0.0006925225513632364
73.20674777030945,119865.0547,140.4943,227.0604,173.3765,3274.3223,429.0917,642.04,513.8804,23.37,0.199986,64.0,8156.0,0.0007060857053971426
73.40658473968506,119801.9062,140.4947,227.0566,173.3749,3274.3088,429.0929,642.0313,513.8765,23.35,0.199989,64.0,8218.0,0.0007205842493644216
73.60886144638062,119761.7656,140.4912,227.0575,173.3765,3274.3003,429.0834,642.0333,513.8804,23.36,0.199983,64.0,8276.0,0.0007341474033983279
73.79885292053223,119746.8594,140.4863,227.058,173.3758,3274.2971,429.0705,642.0345,513.8788,23.38,0.199986,64.0,8338.0,0.0007486459473656069
74.00885605812073,119813.3828,140.4916,227.0554,173.3749,3274.3113,429.0846,642.0286,513.8765,23.38,0.199986,64.0,8396.0,0.000762209101399513
74.20028901100159,119808.7969,140.4921,227.0547,173.3765,3274.3103,429.0858,642.027,513.8804,23.36,0.199986,64.0,8458.0,0.0007767076453667921
74.40898489952087,119826.0156,140.4935,227.0485,173.3738,3274.314,429.0897,642.0128,513.8737,23.36,0.199986,64.0,8516.0,0.0007902707994006982
74.59900951385498,119799.6094,140.4864,227.0466,173.3716,3274.3083,429.0708,642.0085,513.8682,23.37,0.199986,64.0,8578.0,0.0008047693433679773
74.81865978240967,119813.3828,140.4897,227.0432,173.3695,3274.3113,429.0795,642.0007,513.863,23.37,0.199986,64.0,8636.0,0.0008183324974018835
74.9990119934082,119828.3047,140.4891,227.0451,173.3655,3274.3145,429.0779,642.0049,513.8528,23.36,0.199986,64.0,8703.0,0.0008340002787858786
75.21037697792053,119756.0391,140.4864,227.0414,173.3692,3274.2991,429.0708,641.9967,513.8623,23.36,0.199986,64.0,8756.0,0.0008463941954030688
75.39970183372498,119795.0312,140.4884,227.0461,173.3705,3274.3074,429.076,642.0073,513.8654,23.37,0.199989,64.0,8818.0,0.0008608927393703479
75.61409497261047,119822.5703,140.4857,227.0425,173.3721,3274.3132,429.0689,641.9991,513.8694,23.36,0.199983,64.0,8875.0,0.0008742220459209108
75.79486346244812,119780.1172,140.4841,227.0356,173.3647,3274.3042,429.0645,641.9833,513.8509,23.37,0.199986,64.0,8938.0,0.000888954437371533
76.00486254692078,119783.5625,140.4842,227.0395,173.3651,3274.3049,429.0649,641.9924,513.8521,23.35,0.199986,64.0,8995.0,0.000902283743922096
76.19636249542236,119808.7969,140.4835,227.0333,173.3672,3274.3103,429.063,641.9782,513.8572,23.37,0.199986,64.0,9058.0,0.0009170161353727183
76.40518236160278,119753.7422,140.4852,227.0361,173.3636,3274.2986,429.0677,641.9845,513.8481,23.38,0.199986,64.0,9115.0,0.0009303454419232812
76.60499858856201,119765.2031,140.4861,227.0371,173.3647,3274.301,429.0701,641.9869,513.8509,23.37,0.199986,64.0,9178.0,0.0009450778333739036
76.81519675254822,119761.7656,140.4869,227.0302,173.3656,3274.3003,429.072,641.9711,513.8532,23.37,0.199986,64.0,9235.0,0.0009584071399244665
77.00492119789124,119775.5234,140.487,227.0302,173.3645,3274.3032,429.0724,641.9711,513.8505,23.36,0.199987,64.0,9298.0,0.0009731395313750887
77.21487879753113,119746.8594,140.483,227.0251,173.3628,3274.2971,429.0618,641.9594,513.8461,23.37,0.199985,64.0,9355.0,0.000986468837925652
77.39511036872864,119757.1719,140.4835,227.024,173.3647,3274.2993,429.063,641.957,513.8509,23.36,0.199986,64.0,9418.0,0.001001201229376274
77.60509300231934,119772.0859,140.4801,227.0214,173.3606,3274.3025,429.0539,641.951,513.8406,23.36,0.199986,64.0,9475.0,0.001014530535926837
77.8050172328949,119811.0938,140.4801,227.0245,173.3563,3274.3108,429.0539,641.9581,513.83,23.37,0.199989,64.0,9538.0,0.0010292629273774593
78.01482558250427,119765.2031,140.4807,227.018,173.36,3274.301,429.0555,641.9432,513.8391,23.37,0.199983,64.0,9595.0,0.0010425922339280223
78.19688940048218,119766.3516,140.4821,227.0228,173.3606,3274.3013,429.0594,641.9542,513.8406,23.35,0.199986,64.0,9657.0,0.0010570907778953012
78.40550422668457,119742.2734,140.4796,227.0185,173.3581,3274.2961,429.0528,641.9444,513.8344,23.36,0.199986,64.0,9715.0,0.0010706539319292076
78.59563732147217,119768.6484,140.4812,227.0181,173.3587,3274.3018,429.0571,641.9436,513.8359,23.37,0.199987,64.0,9777.0,0.0010851524758964865
78.80547499656677,119781.2656,140.4769,227.0202,173.3573,3274.3044,429.0457,641.9483,513.8324,23.38,0.199985,64.0,9835.0,0.0010987156299303927
79.01557946205139,119805.3516,140.4783,227.0133,173.3567,3274.3096,429.0492,641.9326,513.8308,23.37,0.199986,64.0,9897.0,0.0011132141738976718
79.20734763145447,119765.2031,140.4777,227.015,173.36,3274.301,429.0476,641.9365,513.8391,23.38,0.199986,64.0,9960.0,0.0011279465653482941
79.4164080619812,119742.2734,140.4795,227.0128,173.3568,3274.2961,429.0524,641.9314,513.8312,23.36,0.199986,64.0,10017.0,0.001141275871898857
79.60674238204956,119777.8203,140.4742,227.011,173.3549,3274.3037,429.0382,641.9275,513.8265,23.36,0.199986,64.0,10080.0,0.0011560082633494794
79.81709575653076,119786.9922,140.4777,227.0055,173.3562,3274.3057,429.0476,641.9149,513.8297,23.36,0.199986,64.0,10136.0,0.001169103722416699
80.01707935333252,119784.6953,140.4752,227.0065,173.3538,3274.3052,429.041,641.9172,513.8237,23.38,0.199986,64.0,10137.0,0.0011693375699000422
80.20843768119812,119786.9922,140.4749,227.0053,173.353,3274.3057,429.0402,641.9145,513.8218,23.39,0.199986,64.0,10137.0,0.0011693375699000422
80.4075129032135,119777.8203,140.4743,227.0019,173.3522,3274.3037,429.0386,641.9066,513.8198,23.36,0.199986,64.0,10117.0,0.001164660620233178
80.6103789806366,119775.5234,140.4707,227.0019,173.3482,3274.3032,429.0291,641.9066,513.8096,23.36,0.199986,64.0,10059.0,0.001151097466199272
80.80827331542969,119757.1719,140.4728,227.0,173.3464,3274.2993,429.0347,641.9023,513.8052,23.37,0.199986,64.0,9997.0,0.0011365989222319928
81.01833367347717,119799.6094,140.4698,226.9957,173.3479,3274.3083,429.0268,641.8925,513.8088,23.36,0.199986,64.0,9939.0,0.0011230357681980866
81.20015215873718,119805.3516,140.4696,226.9995,173.3452,3274.3096,429.026,641.9011,513.8021,23.35,0.199986,64.0,9877.0,0.0011085372242308077
81.40897560119629,119826.0156,140.4693,226.9901,173.3435,3274.314,429.0252,641.8799,513.7978,23.37,0.199986,64.0,9819.0,0.0010949740701969015
81.5990059375763,119741.1328,140.4638,226.9915,173.342,3274.2959,429.0107,641.883,513.7943,23.37,0.199986,64.0,9757.0,0.0010804755262296224
81.8089509010315,119757.1719,140.4712,226.9953,173.3442,3274.2993,429.0303,641.8917,513.7997,23.38,0.199986,64.0,9700.0,0.0010671462196790594
81.99902701377869,119795.0312,140.4645,226.9922,173.3353,3274.3074,429.0126,641.8846,513.7773,23.37,0.199989,64.0,9637.0,0.0010524138282284373
82.21935415267944,119813.3828,140.4651,226.9858,173.3395,3274.3113,429.0142,641.8701,513.7879,23.36,0.199983,64.0,9585.0,0.0010402537590945902
82.40012526512146,119792.7344,140.4685,226.9926,173.3356,3274.3069,429.0233,641.8854,513.7781,23.38,0.199986,64.0,9517.0,0.0010243521302272518
82.61967730522156,119792.7344,140.4651,226.9855,173.3324,3274.3069,429.0142,641.8693,513.7702,23.35,0.199986,64.0,9460.0,0.001011022823676689
82.79972839355469,119840.9297,140.4639,226.9883,173.3276,3274.3171,429.011,641.8755,513.7581,23.38,0.199986,64.0,9397.0,0.0009962904322260665
83.00963473320007,119799.6094,140.4608,226.9883,173.328,3274.3083,429.0028,641.8755,513.7592,23.38,0.199986,64.0,9340.0,0.0009829611256755037
83.20108127593994,119780.1172,140.4564,226.9818,173.3279,3274.3042,428.991,641.861,513.7588,23.38,0.199986,64.0,9277.0,0.0009682287342248815
83.42020058631897,119795.0312,140.4576,226.982,173.3257,3274.3074,428.9941,641.8614,513.7533,23.37,0.199989,64.0,9220.0,0.0009548994276743183
83.60021162033081,119790.4375,140.4582,226.9812,173.3244,3274.3064,428.9957,641.8594,513.7502,23.36,0.199983,64.0,9153.0,0.0009392316462903235
83.82019996643066,119775.5234,140.4549,226.9812,173.3268,3274.3032,428.9871,641.8594,513.756,23.37,0.199986,64.0,9100.0,0.0009268377296731332
84.00041961669922,119735.3984,140.4482,226.9731,173.3228,3274.2947,428.9694,641.8409,513.7462,23.37,0.199986,64.0,9038.0,0.000912339185705854
84.21177005767822,119804.2031,140.4481,226.9736,173.3224,3274.3093,428.969,641.8421,513.7451,23.37,0.199986,64.0,8980.0,0.0008987760316719478
84.40216779708862,119751.4453,140.45,226.9731,173.3192,3274.2981,428.9741,641.8409,513.7372,23.36,0.199986,64.0,8918.0,0.0008842774877046688
84.62022018432617,119759.4688,140.4462,226.9708,173.3213,3274.2998,428.9638,641.8358,513.7423,23.37,0.199989,64.0,8860.0,0.0008707143336707626
84.81022119522095,119807.6484,140.4475,226.9686,173.3153,3274.3101,428.9674,641.8307,513.7274,23.35,0.199983,64.0,8798.0,0.0008562157897034836
85.02051639556885,119742.2734,140.4482,226.9642,173.3134,3274.2961,428.9694,641.8209,513.7226,23.37,0.199986,64.0,8740.0,0.0008426526356695775
85.20228624343872,119720.5,140.4497,226.9682,173.3114,3274.2915,428.9733,641.8299,513.7175,23.37,0.199986,64.0,8678.0,0.0008281540917022984
85.41091799736023,119748.0078,140.4463,226.9641,173.3125,3274.2974,428.9642,641.8205,513.7203,23.37,0.199986,64.0,8620.0,0.0008145909376683922
85.60427188873291,119770.9375,140.4476,226.9596,173.3079,3274.3022,428.9678,641.8102,513.7089,23.36,0.199986,64.0,8558.0,0.0008000923937011131
85.81138753890991,119702.1641,140.4441,226.957,173.307,3274.2876,428.9583,641.8043,513.7065,23.36,0.199986,64.0,8500.0,0.0007865292396672069
86.00172233581543,119756.0391,140.4427,226.9577,173.3057,3274.2991,428.9548,641.8059,513.7034,23.38,0.199986,64.0,8438.0,0.0007720306956999279
86.2134268283844,119805.3516,140.4438,226.9558,173.3032,3274.3096,428.9576,641.8016,513.6971,23.4,0.199986,64.0,8380.0,0.0007584675416660217
86.41203427314758,119750.2969,140.4419,226.9606,173.3008,3274.2979,428.9524,641.8126,513.6912,23.38,0.199986,64.0,8318.0,0.0007439689976987426
86.61204409599304,119705.6016,140.4427,226.9572,173.3046,3274.2883,428.9548,641.8047,513.7006,23.36,0.199986,64.0,8260.0,0.0007304058436648365
86.81231498718262,119759.4688,140.4359,226.9506,173.3002,3274.2998,428.9367,641.7898,513.6896,23.38,0.199989,64.0,8198.0,0.0007159072996975574
87.01206254959106,119772.0859,140.4397,226.956,173.2982,3274.3025,428.9465,641.802,513.6844,23.38,0.199983,64.0,8141.0,0.0007025779931469945
87.20408606529236,119759.4688,140.4382,226.953,173.2966,3274.2998,428.9426,641.7953,513.6805,23.36,0.199989,64.0,8078.0,0.0006878456016963722
87.41283464431763,119765.2031,140.4367,226.9518,173.2963,3274.301,428.9387,641.7925,513.6797,23.38,0.199983,64.0,8020.0,0.000674282447662466
87.61283493041992,119761.7656,140.4331,226.9492,173.2957,3274.3003,428.9292,641.7866,513.6782,23.37,0.199986,64.0,7958.0,0.000659783903695187
87.8028302192688,119795.0312,140.4327,226.9482,173.2902,3274.3074,428.928,641.7843,513.6644,23.37,0.199989,64.0,7896.0,0.0006452853597279079
88.0124979019165,119722.7969,140.4328,226.9475,173.2905,3274.292,428.9284,641.7827,513.6652,23.36,0.199983,64.0,7843.0,0.0006328914431107177
88.20441222190857,119748.0078,140.4331,226.9475,173.2892,3274.2974,428.9292,641.7827,513.662,23.36,0.199986,64.0,7776.0,0.0006172236617267228
88.40342783927917,119762.9141,140.434,226.9468,173.2883,3274.3005,428.9316,641.7811,513.6597,23.36,0.199986,64.0,7718.0,0.0006036605076928165
88.61343193054199,119733.1016,140.4278,226.9433,173.2886,3274.2942,428.9151,641.7733,513.6605,23.39,0.199986,64.0,7661.0,0.0005903312011422535
88.80343961715698,119741.1328,140.4309,226.9413,173.2861,3274.2959,428.9233,641.7686,513.6542,23.37,0.199986,64.0,7598.0,0.0005755988096916312
89.01344156265259,119774.375,140.4275,226.9395,173.285,3274.303,428.9143,641.7646,513.6514,23.36,0.199986,64.0,7541.0,0.0005622695031410683
89.21391582489014,119770.9375,140.4257,226.9354,173.2853,3274.3022,428.9095,641.7552,513.6522,23.35,0.199986,64.0,7478.0,0.000547537111690446
89.40390729904175,119718.2031,140.4257,226.934,173.2817,3274.291,428.9095,641.752,513.6432,23.38,0.199986,64.0,7416.0,0.000533038567723167
89.59380841255188,119761.7656,140.4244,226.9402,173.2773,3274.3003,428.906,641.7662,513.6321,23.38,0.199986,64.0,7358.0,0.0005194754136892608
89.80390763282776,119759.4688,140.4263,226.9342,173.2777,3274.2998,428.9111,641.7524,513.6333,23.37,0.199989,64.0,7306.0,0.0005073153445554138
89.99391603469849,119746.8594,140.4226,226.9342,173.2777,3274.2971,428.9013,641.7524,513.6333,23.37,0.199983,64.0,7239.0,0.0004916475631714188
90.20580124855042,119768.6484,140.4207,226.9333,173.2766,3274.3018,428.8962,641.7504,513.6306,23.36,0.199987,64.0,7186.0,0.00047925364655422863
90.39431476593018,119761.7656,140.4207,226.9283,173.2727,3274.3003,428.8962,641.739,513.6207,23.37,0.199985,64.0,7119.0,0.00046358586517023355
90.60706949234009,119746.8594,140.4211,226.9307,173.2696,3274.2971,428.8974,641.7446,513.6129,23.37,0.199986,64.0,7061.0,0.00045002271113632735
90.79729175567627,119757.1719,140.4197,226.9249,173.2674,3274.2993,428.8934,641.7312,513.6074,23.38,0.199986,64.0,6999.0,0.0004355241671690483
91.00488257408142,119711.3359,140.4219,226.9252,173.2699,3274.2896,428.8993,641.7319,513.6136,23.37,0.199986,64.0,6941.0,0.0004219610131351421
91.1963300704956,119751.4453,140.4163,226.9256,173.2658,3274.2981,428.8844,641.7327,513.6035,23.37,0.199986,64.0,6879.0,0.00040746246916786307
91.40517592430115,119695.2969,140.4145,226.9302,173.2661,3274.2861,428.8797,641.7433,513.6042,23.38,0.199986,64.0,6821.0,0.00039389931513395687
91.59517312049866,119731.9609,140.4142,226.9231,173.2644,3274.2939,428.8789,641.7272,513.5999,23.38,0.199986,64.0,6759.0,0.00037940077116667783
91.80516505241394,119766.3516,140.4106,226.9225,173.2652,3274.3013,428.8694,641.7256,513.6019,23.36,0.199986,64.0,6701.0,0.00036583761713277163
91.99516797065735,119729.6641,140.408,226.923,173.2593,3274.2935,428.8623,641.7269,513.5873,23.36,0.199986,64.0,6639.0,0.0003513390731654926
92.20695304870605,119726.2344,140.4081,226.9183,173.2581,3274.2927,428.8627,641.7162,513.5842,23.38,0.199986,64.0,6581.0,0.0003377759191315864
92.3958203792572,119762.9141,140.4074,226.918,173.2562,3274.3005,428.8608,641.7155,513.5794,23.37,0.199986,64.0,6519.0,0.0003232773751643074
92.6157865524292,119733.1016,140.4049,226.9181,173.2537,3274.2942,428.8541,641.7158,513.5731,23.37,0.199986,64.0,6461.0,0.00030971422113040115
92.79580569267273,119726.2344,140.4062,226.9178,173.2546,3274.2927,428.8576,641.715,513.5755,23.36,0.199986,64.0,6399.0,0.0002952156771631221
93.0158007144928,119766.3516,140.4035,226.9121,173.2529,3274.3013,428.8506,641.7021,513.5712,23.38,0.199986,64.0,6342.0,0.00028188637061255916
93.19763922691345,119741.1328,140.3994,226.91,173.2534,3274.2959,428.8395,641.6973,513.5723,23.38,0.199987,64.0,6279.0,0.0002671539791619369
93.40677738189697,119738.8359,140.4021,226.9085,173.2487,3274.2954,428.8466,641.6938,513.5605,23.37,0.199985,64.0,6222.0,0.00025382467261137387
93.59680438041687,119790.4375,140.4034,226.9081,173.2523,3274.3064,428.8502,641.693,513.5696,23.37,0.199986,64.0,6159.0,0.00023909228116075166
93.80677247047424,119759.4688,140.3973,226.9055,173.2473,3274.2998,428.834,641.6871,513.557,23.38,0.199989,64.0,6102.0,0.00022576297461018868
94.01678991317749,119729.6641,140.3985,226.9012,173.2444,3274.2935,428.8372,641.6773,513.5499,23.37,0.199983,64.0,6039.0,0.00021103058315956644
94.20692205429077,119684.9922,140.3988,226.9023,173.243,3274.2839,428.838,641.6796,513.5464,23.38,0.199986,64.0,5977.0,0.0001965320391922874
94.41686701774597,119744.5625,140.3973,226.9046,173.243,3274.2966,428.834,641.6851,513.5464,23.38,0.199986,64.0,5919.0,0.0001829688851583812
94.60685920715332,119750.2969,140.397,226.9005,173.241,3274.2979,428.8333,641.6757,513.5413,23.38,0.199986,64.0,5857.0,0.00016847034119110216
94.81687188148499,119698.7344,140.3976,226.8959,173.2408,3274.2869,428.8348,641.6651,513.5409,23.37,0.199986,64.0,5800.0,0.0001551410346405392
95.01687002182007,119759.4688,140.3904,226.8991,173.2416,3274.2998,428.8155,641.6725,513.5428,23.37,0.199989,64.0,5737.0,0.00014040864318991692
95.21740627288818,119709.0469,140.3915,226.8972,173.2417,3274.2891,428.8187,641.6682,513.5432,23.39,0.199983,64.0,5675.0,0.0001259100992226379
95.41739296913147,119762.9141,140.3866,226.8948,173.2367,3274.3005,428.8057,641.6627,513.5306,23.37,0.199987,64.0,5617.0,0.00011234694518873168
95.60998749732971,119722.7969,140.3918,226.8965,173.2356,3274.292,428.8195,641.6666,513.5279,23.37,0.199985,64.0,5555.0,9.784840122145266e-05
95.80412793159485,119751.4453,140.3881,226.8914,173.2337,3274.2981,428.8096,641.6548,513.5232,23.39,0.199986,64.0,5497.0,8.428524718754646e-05
96.0141053199768,119780.1172,140.3911,226.8905,173.2329,3274.3042,428.8175,641.6529,513.5212,23.37,0.199986,64.0,5440.0,7.095594063698348e-05
96.20550036430359,119768.6484,140.3877,226.8874,173.2312,3274.3018,428.8084,641.6458,513.5169,23.37,0.199986,64.0,5377.0,5.622354918636123e-05
96.41466760635376,119765.2031,140.3881,226.8857,173.2306,3274.301,428.8096,641.6418,513.5153,23.37,0.199986,64.0,5320.0,4.289424263579824e-05
96.61461400985718,119746.8594,140.3877,226.8836,173.2331,3274.2971,428.8084,641.6371,513.5216,23.37,0.199986,16.0,5257.0,2.8161851185175993e-05
96.81466341018677,119756.0391,140.3862,226.8824,173.2276,3274.2991,428.8045,641.6344,513.5078,23.37,0.199986,16.0,5195.0,1.3663307217896955e-05
97.01432967185974,119759.4688,140.3875,226.8812,173.2281,3274.2998,428.8081,641.6317,513.509,23.38,0.199988,15.0,5139.0,5.678481506771792e-07
97.2156252861023,119713.6328,140.3841,226.882,173.2238,3274.29,428.799,641.6336,513.4984,23.37,0.199984,15.0,5137.0,1.0015318399075865e-07
97.40505695343018,119718.2031,140.3813,226.8803,173.2215,3274.291,428.7915,641.6297,513.4925,23.38,0.199986,15.0,5157.0,4.777102850854965e-06
97.61506247520447,119695.2969,140.3784,226.8753,173.2227,3274.2861,428.7837,641.6183,513.4957,23.36,0.199986,16.0,5215.0,1.834025688476116e-05
